[{"date":"2023-08-20T00:00:00Z","event":"http://www.wikidata.org/entity/Q105554774","eventLabel":"2025 Ecuadorian parliamentary election"},{"date":"2023-08-24T00:00:00Z","event":"http://www.wikidata.org/entity/Q106504658","eventLabel":"discharge of radioactive water of the Fukushima Daiichi Nuclear Power Plant"},{"date":"2023-08-28T00:00:00Z","event":"http://www.wikidata.org/entity/Q113715845","eventLabel":"49th International Conference on Very Large Data Bases"},{"date":"2023-08-16T00:00:00Z","event":"http://www.wikidata.org/entity/Q114185165","eventLabel":"Wikimania 2023"},{"date":"2023-08-16T00:00:00Z","event":"http://www.wikidata.org/entity/Q114185165","eventLabel":"Wikimania 2023"},{"date":"2023-09-04T00:00:00Z","event":"http://www.wikidata.org/entity/Q116313967","eventLabel":"18th European Conference on Technology Enhanced Learning 2023"},{"date":"2023-09-10T00:00:00Z","event":"http://www.wikidata.org/entity/Q116873373","eventLabel":"2023 Moscow Oblast gubernatorial election"},{"date":"2023-08-12T00:00:00Z","event":"http://www.wikidata.org/entity/Q116938684","eventLabel":"2023 Malaysian state elections"},{"date":"2023-08-17T00:00:00Z","event":"http://www.wikidata.org/entity/Q116947908","eventLabel":"2023 FIVB Volleyball Women's U21 World Championship"},{"date":"2023-09-01T00:00:00Z","event":"http://www.wikidata.org/entity/Q117156121","eventLabel":"Run with Europe for a cleaner world"}]